{"cameraMode":{"drawMode":0,"name":"Shaded","section":"Shading Mode"},"sceneLighting":true,"audioPlay":false,"sceneViewState":{"showFog":true,"showMaterialUpdate":false,"showSkybox":true,"showFlares":true,"showImageEffects":true,"showParticleSystems":true},"in2DMode":false,"pivot":{"x":-19.87770652770996,"y":-10.498706817626954,"z":-60.285316467285159},"rotation":{"x":-0.01362177450209856,"y":0.9849692583084106,"z":-0.09217467159032822,"w":-0.14554017782211305},"size":56.06447982788086,"orthographic":false}